policy_id,category_1,category_2,premium,sum_insured,latitude,longitude
POL-0001,commercial,broker,358.13,17395.72,53.15644,-9.154607
POL-0002,commercial,broker,4201.63,179771.95,52.077459,-7.079404
POL-0003,personal,direct,1219.86,31117.46,53.337399,-10.434986
POL-0004,commercial,direct,647.31,12960.21,53.358852,-9.923968
POL-0005,commercial,direct,2055.44,40384.35,53.560753,-9.065785
POL-0006,commercial,direct,1542.61,60043.14,55.274538,-6.679723
POL-0007,personal,broker,2455.63,64637.5,54.698656,-7.059344
POL-0008,commercial,broker,547.17,7534.95,54.275309,-7.41341
POL-0009,personal,broker,1540.25,53054.49,51.779011,-5.862844
POL-0010,personal,broker,4020.1,195549.91,55.019315,-7.589336
POL-0011,commercial,broker,1409.87,33385.5,52.537562,-9.692221
POL-0012,personal,direct,1036.9,32320.04,54.057086,-5.686412
POL-0013,commercial,broker,2660.7,119651.95,52.011085,-10.337453
POL-0014,commercial,direct,3765.86,50060.89,53.364792,-9.505029
POL-0015,personal,direct,3750.45,135768.16,53.832108,-7.849304
POL-0016,personal,broker,2220.74,34512.69,54.431076,-8.806123
POL-0017,personal,broker,4009.75,90368.87,54.077733,-9.195623
POL-0018,commercial,direct,824.43,10597.34,53.616207,-9.935173
POL-0019,commercial,direct,2963.22,54626.74,55.249245,-7.534694
POL-0020,personal,broker,1439.64,53167.15,55.024424,-9.05009
POL-0021,commercial,broker,980.9,42489.11,53.436036,-9.246061
POL-0022,personal,broker,4184.51,140166.08,55.365188,-9.234453
POL-0023,personal,broker,3348.09,120588.56,55.299707,-9.692173
POL-0024,commercial,direct,1053.36,36364.13,54.948738,-8.510063
POL-0025,commercial,broker,1633.45,78712.7,51.572861,-5.566773
POL-0026,personal,broker,4765.71,97894.99,53.393102,-5.860008
POL-0027,personal,broker,935.06,14666.3,54.904083,-10.195667
POL-0028,commercial,direct,1713.72,85029.5,55.086192,-6.06113
POL-0029,personal,direct,2584.38,92688.81,52.894715,-8.894254
POL-0030,commercial,direct,1960.95,95726.52,52.995997,-8.034079
POL-0031,commercial,broker,4202.99,58745.38,54.840178,-7.38616
POL-0032,personal,broker,2524.26,66838.67,54.035014,-9.851405
POL-0033,personal,broker,1391.45,59698.03,53.305482,-8.295392
POL-0034,commercial,direct,1397.84,51642.99,52.474647,-9.244
POL-0035,commercial,broker,2505.86,26171.31,52.176152,-7.621804
POL-0036,personal,broker,741.44,23259.76,54.049696,-6.653201
POL-0037,personal,broker,4912.85,77614.64,51.606642,-5.947898
POL-0038,personal,direct,3468.04,56442.74,54.432259,-10.25473
POL-0039,personal,direct,4744.84,223211.01,52.138116,-6.96927
POL-0040,commercial,direct,2737.98,135466.8,54.924378,-6.829549
POL-0041,commercial,direct,3488.35,63498.5,53.200802,-9.326558
POL-0042,commercial,broker,3334.13,92962.3,52.707524,-8.532876
POL-0043,personal,broker,479.66,8805.37,55.396021,-8.324578
POL-0044,personal,direct,2826.23,50920.81,53.454765,-8.33948
POL-0045,personal,broker,2469.83,41039.37,54.294271,-7.690452
POL-0046,commercial,direct,1880.36,75122.86,54.130036,-10.141789
POL-0047,personal,broker,525.75,6490.94,52.527741,-7.439671
POL-0048,commercial,direct,723.35,24813.78,54.825796,-9.771636
POL-0049,personal,direct,2260.73,58354.0,55.004193,-7.166638
POL-0050,commercial,broker,2697.25,76926.74,54.454051,-9.59334
POL-0051,commercial,broker,4605.64,111097.09,53.660107,-7.085316
POL-0052,commercial,direct,2576.39,50482.75,53.387331,-9.001166
POL-0053,personal,broker,2437.59,81392.36,53.297402,-9.952735
POL-0054,commercial,broker,486.16,11356.71,53.57804,-8.581767
POL-0055,personal,broker,3960.22,174734.31,52.46184,-8.35359
POL-0056,personal,direct,3406.95,84652.28,54.394134,-8.917939
POL-0057,commercial,broker,999.9,28869.66,54.447981,-10.225742
POL-0058,commercial,broker,4151.43,105052.99,52.795847,-9.206397
POL-0059,commercial,direct,4447.17,159247.96,54.674664,-7.657413
POL-0060,personal,direct,4492.33,179321.46,53.737929,-7.0333
POL-0061,commercial,direct,1070.76,47544.43,51.648812,-6.441893
POL-0062,commercial,direct,4996.88,73903.84,52.472827,-10.108121
POL-0063,commercial,broker,3530.1,135549.49,55.182346,-8.064396
POL-0064,commercial,broker,2878.62,131918.2,53.962217,-6.227477
POL-0065,commercial,direct,1296.47,55285.13,53.639599,-6.046016
POL-0066,personal,direct,2856.89,118749.25,52.930279,-7.468442
POL-0067,commercial,direct,4080.67,52288.98,54.6458,-10.240662
POL-0068,commercial,direct,1783.51,72638.51,52.780993,-7.529869
POL-0069,commercial,broker,1629.03,45987.75,54.827889,-7.940766
POL-0070,personal,direct,713.58,8571.28,53.912713,-8.647589
POL-0071,commercial,broker,910.56,30084.5,54.843996,-8.193225
POL-0072,commercial,direct,2883.06,71650.9,51.925912,-7.114842
POL-0073,commercial,direct,3391.67,87865.72,54.085056,-7.684122
POL-0074,personal,direct,1840.98,83104.85,52.385103,-6.591334
POL-0075,commercial,broker,2502.59,113011.3,52.71985,-8.967478
POL-0076,personal,direct,1157.31,23479.7,53.923305,-5.770304
POL-0077,personal,direct,2121.23,89573.83,54.99698,-8.875234
POL-0078,commercial,direct,432.4,14575.21,55.098449,-6.685698
POL-0079,commercial,broker,1408.96,63515.4,52.708001,-8.604276
POL-0080,personal,broker,1397.17,18537.08,52.484371,-8.737252
POL-0081,personal,broker,1847.56,42478.98,52.930175,-8.953335
POL-0082,commercial,broker,2394.89,47651.97,52.518319,-7.542499
POL-0083,personal,broker,3296.55,50953.03,51.866764,-9.053758
POL-0084,personal,broker,2397.44,93769.44,54.830013,-9.017671
POL-0085,personal,broker,2976.66,42006.41,51.58705,-6.814911
POL-0086,commercial,direct,387.95,9398.81,51.585933,-7.229974
POL-0087,personal,broker,2527.44,76718.23,51.602537,-8.677592
POL-0088,commercial,direct,577.78,11854.99,52.661701,-8.181125
POL-0089,personal,broker,4561.67,147302.55,54.707622,-9.277318
POL-0090,personal,direct,2833.47,124761.54,52.942169,-9.077899
POL-0091,personal,direct,440.88,4480.4,54.395181,-9.915293
POL-0092,personal,broker,1946.66,67306.5,53.872497,-9.279003
POL-0093,personal,broker,113.97,1856.96,52.301523,-10.096463
POL-0094,personal,broker,3153.36,86113.74,53.73579,-10.04724
POL-0095,commercial,broker,1787.31,29961.46,54.341611,-6.537474
POL-0096,personal,direct,2158.57,55989.53,54.493716,-7.999494
POL-0097,commercial,direct,1130.03,37686.28,52.416533,-6.289493
POL-0098,personal,broker,1430.14,29705.9,53.15284,-9.727068
POL-0099,personal,direct,285.39,4286.4,53.980546,-10.229778
POL-0100,personal,broker,2447.49,44106.7,55.110559,-6.336723
POL-0101,personal,broker,1593.79,64551.75,53.720716,-6.979475
POL-0102,commercial,direct,1571.85,32392.2,51.948858,-7.418967
POL-0103,commercial,direct,515.5,11645.89,53.812151,-6.633898
POL-0104,commercial,broker,4266.29,117056.33,52.31084,-8.016524
POL-0105,commercial,broker,3851.74,109844.16,53.295064,-9.000619
POL-0106,personal,direct,672.93,8691.5,52.322391,-6.497044
POL-0107,personal,direct,967.25,37609.9,52.22875,-8.452432
POL-0108,commercial,broker,1778.74,62443.28,51.639936,-8.973248
POL-0109,commercial,broker,4280.08,84749.64,52.018972,-8.563062
POL-0110,commercial,direct,1641.91,20870.45,53.225233,-7.468805
POL-0111,personal,broker,328.78,9512.34,52.867916,-6.961344
POL-0112,personal,direct,4338.05,80879.6,53.08057,-6.41778
POL-0113,commercial,direct,1449.32,56837.83,53.983228,-8.906194
POL-0114,personal,direct,1394.86,37833.52,53.608222,-8.609955
POL-0115,commercial,direct,1224.23,42906.84,53.562338,-7.914504
POL-0116,commercial,direct,801.47,28996.16,54.60712,-5.602672
POL-0117,personal,direct,2162.35,101389.91,51.716771,-7.610811
POL-0118,commercial,direct,2251.86,110240.58,52.88502,-5.568204
POL-0119,personal,broker,4547.74,191778.87,51.613391,-5.858938
POL-0120,commercial,broker,1243.2,25516.86,52.461512,-7.249934
POL-0121,personal,direct,4494.7,146410.05,52.866032,-9.926812
POL-0122,commercial,direct,3955.14,46954.73,51.66186,-5.919506
POL-0123,commercial,broker,461.25,5658.85,53.572525,-8.781805
POL-0124,commercial,direct,3078.54,60054.29,54.018723,-5.607889
POL-0125,personal,broker,108.42,5259.38,52.877127,-7.294071
POL-0126,personal,direct,317.88,7235.47,54.088568,-6.104966
POL-0127,personal,broker,4581.55,64351.1,54.25295,-7.234722
POL-0128,personal,direct,4966.59,247743.08,51.828164,-5.570047
POL-0129,commercial,broker,2225.99,32220.37,53.363903,-7.188145
POL-0130,commercial,direct,4688.74,68002.12,53.480082,-7.969681
POL-0131,personal,direct,1281.54,19104.24,54.497666,-6.036727
POL-0132,personal,broker,2312.62,107071.85,54.680141,-7.406747
POL-0133,commercial,broker,3131.89,145382.96,52.596552,-10.134302
POL-0134,personal,direct,4584.91,144069.24,54.242364,-6.205767
POL-0135,personal,direct,1498.73,65928.04,55.212692,-5.551198
POL-0136,personal,direct,4708.48,105466.32,54.045383,-6.197293
POL-0137,commercial,direct,2521.06,63171.2,53.566827,-7.581472
POL-0138,commercial,direct,3363.63,35625.15,54.38366,-7.17781
POL-0139,commercial,broker,1043.48,47327.93,53.350985,-7.148695
POL-0140,personal,broker,4746.0,131770.15,51.657876,-6.882452
POL-0141,commercial,broker,3663.82,84710.07,52.651661,-8.92645
POL-0142,commercial,broker,3577.07,47597.69,53.82225,-5.829533
POL-0143,commercial,broker,4571.79,221031.9,54.163033,-6.005237
POL-0144,commercial,direct,1340.11,23315.69,52.837397,-7.45179
POL-0145,commercial,broker,1772.43,66482.31,53.562949,-8.300941
POL-0146,commercial,broker,2964.23,102922.11,54.035486,-9.758584
POL-0147,personal,direct,1322.97,25993.65,53.976092,-10.264884
POL-0148,personal,broker,106.19,4450.38,55.19085,-9.95917
POL-0149,commercial,broker,4287.42,49539.45,54.689341,-7.696751
POL-0150,personal,broker,4674.7,228695.08,54.986684,-6.422076
POL-0151,commercial,direct,1790.56,86074.73,53.000954,-9.583185
POL-0152,personal,direct,514.09,8004.44,54.953455,-9.845725
POL-0153,personal,broker,4710.15,62851.2,54.915576,-10.143463
POL-0154,commercial,broker,431.76,20373.53,55.051516,-7.895652
POL-0155,personal,direct,618.07,7422.64,55.315003,-6.041921
POL-0156,commercial,broker,3270.87,36462.61,54.044318,-9.598809
POL-0157,personal,broker,4693.86,147029.38,53.29944,-6.822151
POL-0158,commercial,direct,2889.58,104480.54,55.209983,-10.055705
POL-0159,personal,broker,2331.33,59356.28,53.114461,-10.113682
POL-0160,personal,broker,907.8,39548.69,54.971524,-8.17183
POL-0161,personal,broker,3646.32,161072.49,54.64126,-6.990544
POL-0162,personal,direct,1821.29,45456.11,55.088442,-8.758051
POL-0163,personal,direct,1099.31,25307.65,54.24569,-8.348603
POL-0164,personal,direct,4396.91,181453.52,54.379518,-6.901804
POL-0165,commercial,broker,1006.56,39898.45,54.575627,-8.407303
POL-0166,personal,direct,4412.89,75491.9,51.767069,-6.53847
POL-0167,personal,broker,3210.41,53989.27,52.823012,-10.171135
POL-0168,commercial,broker,2930.95,98673.3,54.845578,-8.419435
POL-0169,personal,broker,2765.39,106720.55,53.414101,-6.594272
POL-0170,personal,direct,2378.16,42970.94,54.661334,-6.170644
POL-0171,commercial,direct,4894.11,233367.18,52.847816,-8.061941
POL-0172,personal,broker,360.75,12757.52,51.774778,-9.83256
POL-0173,commercial,broker,4942.33,104747.93,53.433387,-7.966837
POL-0174,personal,direct,4393.58,105669.84,54.687716,-9.898246
POL-0175,commercial,broker,3372.28,167856.27,54.360712,-8.169918
POL-0176,commercial,broker,713.07,9069.5,54.273298,-10.057657
POL-0177,commercial,direct,3038.92,96753.57,52.83692,-7.087631
POL-0178,commercial,broker,2084.53,71438.13,54.672408,-9.396184
POL-0179,commercial,direct,3387.31,71592.77,53.397264,-6.25867
POL-0180,personal,broker,700.27,21067.55,53.466343,-8.229052
POL-0181,commercial,direct,162.19,1933.43,52.297937,-8.260411
POL-0182,personal,direct,1510.47,32342.65,54.297832,-7.850229
POL-0183,personal,direct,4824.37,200478.57,53.679252,-9.666304
POL-0184,personal,direct,3586.21,73494.06,54.473835,-7.596581
POL-0185,personal,direct,2136.11,78043.28,54.863247,-9.920439
POL-0186,commercial,direct,2519.35,47531.47,53.821277,-9.512416
POL-0187,commercial,direct,4476.73,96368.24,52.699706,-7.739018
POL-0188,commercial,direct,3004.26,114952.45,53.042598,-9.299453
POL-0189,commercial,direct,4910.07,144476.06,54.488657,-5.628077
POL-0190,commercial,direct,114.97,2286.49,53.13902,-7.512356
POL-0191,commercial,broker,4634.62,191053.38,55.271932,-9.111996
POL-0192,commercial,direct,4717.72,234987.54,53.372419,-8.501825
POL-0193,commercial,direct,2020.19,40444.95,52.645369,-9.983799
POL-0194,commercial,broker,3033.52,95558.35,54.372891,-9.89326
POL-0195,commercial,broker,2657.34,75914.51,55.182821,-10.377562
POL-0196,personal,direct,2891.96,112244.88,52.543481,-7.514721
POL-0197,personal,broker,2419.72,114815.9,51.708749,-9.32753
POL-0198,commercial,broker,1817.58,63439.33,55.105572,-9.892442
POL-0199,commercial,broker,2388.21,53491.7,52.994474,-6.306117
POL-0200,commercial,broker,1474.51,26455.42,51.677741,-9.802402
POL-0201,commercial,broker,4700.04,162156.75,54.944281,-8.00407
POL-0202,personal,broker,3447.6,122939.6,53.483655,-9.654713
POL-0203,commercial,direct,2460.36,64600.67,54.375909,-8.259666
POL-0204,personal,direct,515.02,23326.85,55.039833,-8.405633
POL-0205,personal,broker,3514.15,123787.87,54.206656,-10.453503
POL-0206,commercial,direct,813.63,22095.09,55.377705,-10.129862
POL-0207,commercial,broker,612.55,8400.99,52.842413,-8.405369
POL-0208,commercial,direct,3390.94,57489.88,53.354482,-8.163055
POL-0209,personal,broker,4563.97,153423.99,53.881354,-8.752816
POL-0210,personal,direct,3584.57,169594.93,54.757006,-8.784716
POL-0211,personal,broker,2531.4,64457.4,52.723871,-6.364262
POL-0212,personal,direct,3457.56,57003.38,51.967704,-9.144931
POL-0213,personal,broker,4882.52,51920.95,54.240154,-10.181448
POL-0214,personal,broker,528.77,9094.9,54.741123,-7.45002
POL-0215,personal,direct,3963.84,173108.05,51.664911,-9.732542
POL-0216,personal,direct,1637.51,35697.3,53.61115,-9.584399
POL-0217,commercial,broker,1440.78,27221.41,54.238704,-9.101844
POL-0218,commercial,direct,2820.88,91869.43,54.736567,-10.406342
POL-0219,personal,direct,3011.74,126956.69,54.109007,-6.042316
POL-0220,personal,broker,1805.35,49496.53,54.68015,-7.903632
POL-0221,commercial,direct,2360.21,103014.11,54.878441,-7.759972
POL-0222,commercial,direct,4693.25,81912.03,55.188944,-10.158319
POL-0223,commercial,broker,2207.01,50220.87,53.770766,-10.181246
POL-0224,personal,broker,505.77,9221.28,54.232683,-7.127301
POL-0225,personal,direct,313.12,8365.96,55.315495,-9.819311
POL-0226,personal,direct,4047.09,102888.39,54.106403,-10.292
POL-0227,commercial,broker,1809.78,21502.89,52.997445,-8.579957
POL-0228,personal,broker,4158.54,152839.38,52.158535,-7.83903
POL-0229,commercial,direct,2467.27,68348.18,54.416717,-7.062627
POL-0230,personal,broker,335.4,5192.37,55.352645,-5.933751
POL-0231,commercial,broker,4542.44,143856.63,53.649333,-8.612964
POL-0232,commercial,broker,2854.85,75335.87,55.369798,-6.716516
POL-0233,commercial,direct,2588.42,92840.45,55.372474,-5.540905
POL-0234,commercial,broker,2106.08,63488.52,52.663964,-8.587057
POL-0235,personal,broker,3907.45,63912.56,54.430084,-6.579313
POL-0236,commercial,direct,4760.39,193125.56,53.145169,-5.966953
POL-0237,commercial,direct,2545.03,57459.21,53.53008,-7.355715
POL-0238,commercial,broker,4621.55,142156.73,54.429835,-8.110739
POL-0239,personal,broker,2592.47,121655.48,54.120628,-5.919656
POL-0240,personal,broker,4235.91,166671.94,53.108178,-8.53432
POL-0241,personal,broker,3612.83,157215.02,51.711134,-8.864233
POL-0242,personal,direct,4405.39,57699.66,52.132429,-5.7041
POL-0243,commercial,broker,1174.45,35655.62,54.452798,-8.474478
POL-0244,personal,direct,2026.39,79001.67,52.936327,-8.330905
POL-0245,personal,broker,2835.21,105862.92,52.217897,-6.940458
POL-0246,personal,broker,4519.31,184445.22,54.130303,-6.557295
POL-0247,commercial,broker,139.33,3966.24,53.281811,-9.900509
POL-0248,commercial,broker,3819.28,146752.46,53.073175,-8.932606
POL-0249,commercial,broker,3454.71,134736.71,55.033536,-9.688257
POL-0250,personal,broker,832.51,12977.48,53.806603,-8.203269
POL-0251,commercial,direct,4800.31,88497.51,55.128071,-8.983778
POL-0252,commercial,direct,4498.07,219657.51,55.240328,-7.285633
POL-0253,commercial,broker,2746.95,44196.11,53.207398,-9.547427
POL-0254,personal,broker,1843.8,42588.44,54.293748,-6.02917
POL-0255,commercial,direct,2615.91,75775.41,51.772573,-7.57207
POL-0256,commercial,direct,3678.49,82222.24,53.917143,-6.578189
POL-0257,commercial,direct,2572.89,59306.22,55.111448,-5.57428
POL-0258,personal,direct,1433.73,70182.76,53.772001,-5.580168
POL-0259,personal,direct,3275.36,51553.94,54.375671,-8.850806
POL-0260,personal,broker,3805.65,76639.67,53.023994,-8.389698
POL-0261,personal,direct,1022.22,27233.36,54.506925,-7.253594
POL-0262,personal,direct,2719.75,50838.49,52.325577,-6.592284
POL-0263,commercial,direct,3352.31,121438.98,52.105983,-8.689216
POL-0264,commercial,broker,4778.42,128428.29,53.170062,-6.319985
POL-0265,commercial,broker,1226.72,57699.36,52.831084,-6.854886
POL-0266,commercial,broker,1900.93,93002.63,53.634238,-6.617251
POL-0267,personal,direct,2916.16,98337.27,52.733136,-7.763041
POL-0268,commercial,broker,3432.41,70736.16,52.280389,-6.487087
POL-0269,personal,direct,3173.91,54466.26,51.786557,-8.317192
POL-0270,personal,direct,2017.22,63004.59,53.220116,-6.970802
POL-0271,personal,broker,3438.6,143217.55,51.68624,-8.23237
POL-0272,commercial,direct,1075.8,28918.2,53.752435,-6.107975
POL-0273,personal,direct,3081.02,101101.06,53.455626,-9.709252
POL-0274,personal,direct,1875.57,32911.91,52.32273,-6.66333
POL-0275,commercial,broker,394.3,15652.01,52.06073,-9.362373
POL-0276,personal,direct,4808.88,49699.64,54.765408,-10.183276
POL-0277,personal,direct,1114.35,19219.37,53.085095,-8.095259
POL-0278,personal,direct,2149.08,77950.86,53.897113,-8.72501
POL-0279,personal,direct,1194.81,13604.42,53.987682,-5.590812
POL-0280,commercial,direct,3413.23,149832.98,53.599918,-5.875759
POL-0281,commercial,broker,4276.85,145106.55,53.142544,-7.248872
POL-0282,commercial,direct,3907.5,141208.42,54.845341,-7.79033
POL-0283,commercial,broker,3269.08,135439.31,53.409041,-10.042432
POL-0284,personal,broker,4208.82,77800.14,53.107326,-5.74074
POL-0285,commercial,broker,1622.1,38439.65,52.579297,-9.978455
POL-0286,personal,direct,3919.84,47329.05,54.234368,-7.838216
POL-0287,personal,broker,581.17,17906.41,51.736104,-7.9764
POL-0288,commercial,direct,4487.88,123928.54,53.538936,-8.56098
POL-0289,commercial,broker,3279.35,131825.25,55.223344,-5.958377
POL-0290,commercial,direct,1465.91,71081.02,54.935975,-9.029538
POL-0291,commercial,broker,4001.41,186972.09,51.751511,-7.291698
POL-0292,commercial,broker,2771.5,132474.96,53.675477,-10.147042
POL-0293,personal,direct,1820.4,26438.78,52.931382,-9.252244
POL-0294,personal,broker,4350.91,154379.79,51.853226,-5.776891
POL-0295,personal,broker,2904.35,42298.32,53.385145,-10.13945
POL-0296,personal,broker,4485.63,158792.65,52.780943,-6.36828
POL-0297,commercial,broker,3557.85,98465.01,54.105253,-6.138658
POL-0298,personal,broker,971.94,40645.22,52.030697,-8.023268
POL-0299,personal,direct,4712.87,73936.54,53.667062,-7.931362
POL-0300,personal,direct,290.41,3642.69,52.432804,-7.477179
POL-0301,commercial,broker,4994.53,178661.88,53.384345,-8.864885
POL-0302,commercial,broker,4176.5,73731.93,55.205239,-8.755381
POL-0303,personal,broker,3793.17,73973.23,52.074495,-6.364044
POL-0304,commercial,broker,3658.4,117574.16,53.645478,-9.990799
POL-0305,commercial,broker,3370.86,129349.04,54.315962,-6.153356
POL-0306,commercial,direct,1763.85,58437.98,52.265586,-9.361628
POL-0307,commercial,direct,2647.15,47780.67,54.847699,-6.631249
POL-0308,personal,direct,807.01,30550.61,53.493539,-6.65829
POL-0309,personal,direct,3824.73,139770.53,53.215417,-9.583618
POL-0310,commercial,direct,2773.86,101729.46,52.550778,-9.761536
POL-0311,commercial,broker,2592.27,63913.98,51.935631,-5.521333
POL-0312,personal,direct,1251.45,13321.08,55.156889,-6.621982
POL-0313,commercial,broker,530.63,15810.47,52.816618,-6.57562
POL-0314,personal,broker,4403.34,104637.6,52.938931,-8.261142
POL-0315,personal,direct,395.32,8375.79,54.968667,-9.049926
POL-0316,personal,direct,269.12,10986.04,52.125982,-7.675776
POL-0317,personal,broker,2459.14,78092.32,52.480985,-8.236031
POL-0318,personal,broker,2393.41,24366.9,54.00749,-7.11303
POL-0319,personal,direct,4867.99,97530.59,53.54106,-9.111583
POL-0320,personal,direct,1166.89,27521.51,51.529063,-9.500964
POL-0321,commercial,direct,2577.69,51397.88,53.162205,-8.642601
POL-0322,commercial,direct,4817.55,222591.04,51.916925,-8.57833
POL-0323,commercial,direct,2186.98,67270.63,53.440297,-6.060655
POL-0324,commercial,direct,4691.79,81926.0,52.297558,-10.182542
POL-0325,commercial,broker,3047.53,89010.03,54.474645,-7.349283
POL-0326,commercial,broker,927.39,19067.9,55.296443,-6.238997
POL-0327,personal,direct,1606.99,50745.93,54.819095,-7.27924
POL-0328,personal,broker,2038.04,84104.61,53.969431,-7.824212
POL-0329,personal,broker,3524.8,139699.72,52.466617,-9.823444
POL-0330,personal,broker,4264.22,184564.32,54.634926,-8.969728
POL-0331,personal,broker,2140.07,61335.31,52.07687,-7.621083
POL-0332,personal,direct,3569.62,102221.2,54.916839,-7.436277
POL-0333,commercial,direct,1959.66,84875.34,55.003394,-7.141149
POL-0334,commercial,broker,1288.74,61493.47,54.9959,-8.460868
POL-0335,commercial,direct,3372.16,72788.07,54.66254,-9.147006
POL-0336,commercial,direct,519.89,8367.38,52.135196,-9.854385
POL-0337,personal,direct,564.25,13976.91,54.132346,-7.458437
POL-0338,commercial,direct,731.22,33477.26,54.529914,-6.136828
POL-0339,commercial,direct,4324.21,77177.94,53.134947,-10.03544
POL-0340,commercial,direct,978.54,18856.81,55.202623,-9.481125
POL-0341,commercial,direct,1007.8,28876.93,53.477691,-6.84836
POL-0342,commercial,direct,727.15,13700.86,55.297844,-9.622058
POL-0343,personal,direct,2141.5,40754.67,54.562809,-6.818703
POL-0344,personal,direct,1546.34,65188.89,54.187028,-8.412015
POL-0345,commercial,direct,1487.32,23900.28,51.501032,-9.947518
POL-0346,personal,direct,2491.89,60765.07,52.277624,-10.008951
POL-0347,commercial,direct,371.14,17183.5,51.639705,-6.154512
POL-0348,commercial,direct,522.01,12830.65,53.427344,-6.550738
POL-0349,commercial,broker,3998.45,180397.87,54.272429,-9.758981
POL-0350,commercial,broker,1052.48,43772.09,52.908434,-7.248391
POL-0351,personal,broker,4752.75,189256.25,52.749638,-10.224396
POL-0352,commercial,broker,3265.96,55677.69,54.081,-6.095042
POL-0353,commercial,direct,1843.16,36146.89,54.306442,-7.525346
POL-0354,personal,direct,4764.92,85101.45,54.628789,-8.980001
POL-0355,commercial,direct,3477.13,122522.67,51.778505,-5.583054
POL-0356,commercial,broker,4813.57,72029.06,53.814958,-6.186993
POL-0357,personal,broker,187.46,4780.46,54.718055,-8.11579
POL-0358,commercial,direct,4229.6,125058.91,51.986794,-6.469419
POL-0359,commercial,broker,1892.41,22479.35,53.465528,-7.098744
POL-0360,commercial,broker,3509.06,102446.67,53.297699,-9.636566
POL-0361,personal,direct,1235.55,20600.98,53.471749,-7.044073
POL-0362,commercial,broker,577.47,14113.28,52.748079,-10.012212
POL-0363,personal,broker,2817.35,88624.09,51.761096,-7.006047
POL-0364,personal,broker,4493.87,116036.9,51.568424,-9.443085
POL-0365,personal,broker,3209.16,45788.5,51.692538,-6.360323
POL-0366,personal,broker,449.2,6856.13,53.686215,-9.926414
POL-0367,personal,broker,1279.18,43636.06,52.889887,-9.458836
POL-0368,personal,direct,4027.86,116789.57,53.051994,-7.814377
POL-0369,commercial,broker,1673.83,48144.14,55.248258,-7.518055
POL-0370,commercial,direct,1991.52,88708.71,54.742759,-9.525175
POL-0371,personal,direct,3681.0,42451.17,53.261232,-5.89377
POL-0372,commercial,broker,4725.2,113557.41,55.095785,-9.741944
POL-0373,commercial,broker,1499.0,21601.4,52.033809,-9.54539
POL-0374,personal,direct,3300.88,92192.41,52.55323,-6.010651
POL-0375,personal,broker,2178.72,41791.74,54.984174,-8.769998
POL-0376,commercial,broker,1468.0,61587.71,54.304951,-6.395748
POL-0377,personal,direct,4956.99,90034.2,53.556055,-6.956405
POL-0378,personal,direct,3379.41,51255.48,53.395736,-7.78549
POL-0379,commercial,direct,327.02,8989.56,52.254096,-9.376662
POL-0380,personal,broker,704.75,18565.23,51.612296,-6.191156
POL-0381,commercial,direct,1212.56,29537.61,52.985189,-7.163245
POL-0382,commercial,direct,3666.53,76712.72,53.049509,-9.429443
POL-0383,commercial,broker,920.92,9654.52,52.135032,-8.629934
POL-0384,personal,broker,2615.23,59282.51,54.94739,-8.90082
POL-0385,commercial,direct,4427.8,126504.72,51.60158,-8.852486
POL-0386,personal,direct,894.08,42078.56,51.917776,-5.557973
POL-0387,personal,direct,3606.56,158220.6,55.135338,-8.522933
POL-0388,personal,broker,1265.7,39081.3,54.45561,-7.167926
POL-0389,personal,broker,810.84,15904.9,51.724589,-6.383062
POL-0390,personal,broker,2339.05,81468.3,52.360132,-6.429566
POL-0391,personal,direct,1728.38,29269.73,53.564464,-9.343065
POL-0392,personal,broker,2831.61,115501.42,52.737515,-9.799221
POL-0393,commercial,broker,4669.47,127624.28,51.914007,-9.449732
POL-0394,commercial,broker,1326.22,20208.93,55.397576,-5.633673
POL-0395,personal,direct,4522.92,98564.39,51.526977,-9.036376
POL-0396,personal,direct,1535.7,45907.48,52.4639,-6.14086
POL-0397,commercial,broker,431.51,15060.27,54.982132,-5.581885
POL-0398,commercial,direct,338.44,7143.0,54.943612,-6.162351
POL-0399,commercial,direct,2768.0,82160.5,52.471525,-7.953632
POL-0400,personal,broker,1194.98,14008.76,52.179321,-5.740311
POL-0401,personal,direct,1838.62,89912.26,52.391947,-9.804946
POL-0402,commercial,direct,3439.85,124612.94,51.998351,-8.012942
POL-0403,commercial,broker,3465.96,149709.46,54.421235,-6.332471
POL-0404,personal,broker,2816.83,51853.89,53.662636,-6.581371
POL-0405,commercial,direct,1077.7,31755.88,52.957343,-8.515391
POL-0406,commercial,direct,2098.44,36097.46,51.682272,-9.839951
POL-0407,commercial,direct,2483.06,97637.18,53.935198,-10.241281
POL-0408,personal,direct,4405.3,127906.14,54.405018,-8.235446
POL-0409,commercial,broker,1173.32,40565.63,52.454327,-10.01484
POL-0410,commercial,broker,218.01,6401.11,51.850986,-8.235791
POL-0411,commercial,direct,468.51,9131.43,55.205166,-10.225986
POL-0412,commercial,broker,758.67,35776.39,51.963705,-10.048826
POL-0413,commercial,direct,3116.47,152666.58,52.130188,-8.792882
POL-0414,personal,direct,1358.24,56506.55,54.759255,-6.266273
POL-0415,commercial,direct,2862.11,127577.74,55.271767,-8.328424
POL-0416,personal,direct,1919.28,29003.85,54.9951,-5.946594
POL-0417,personal,broker,619.27,25772.22,54.889965,-5.559148
POL-0418,commercial,broker,471.63,14608.13,52.947215,-6.486006
POL-0419,commercial,direct,3732.22,150550.59,53.072216,-10.062819
POL-0420,personal,broker,727.91,20044.11,55.366332,-8.714545
POL-0421,commercial,direct,4301.83,127183.97,52.482846,-7.610226
POL-0422,personal,direct,962.14,22240.88,54.843858,-6.467864
POL-0423,personal,direct,2436.46,75250.22,53.93257,-5.545315
POL-0424,personal,broker,809.19,35270.72,53.574557,-8.649564
POL-0425,commercial,broker,4436.52,219108.74,53.722802,-9.942497
POL-0426,personal,broker,1037.11,26392.65,53.122356,-10.024476
POL-0427,commercial,direct,2172.02,57631.06,53.095476,-8.462343
POL-0428,personal,broker,624.29,30362.71,51.623205,-8.407667
POL-0429,personal,direct,1005.76,33181.88,52.61225,-9.284618
POL-0430,personal,broker,4382.02,117877.68,54.663398,-7.317029
POL-0431,personal,direct,3447.73,81954.12,53.765737,-8.736102
POL-0432,personal,broker,2220.88,47516.95,55.13799,-5.536765
POL-0433,commercial,broker,244.81,4975.17,53.345055,-7.139442
POL-0434,commercial,direct,2473.89,105653.48,51.895849,-9.78327
POL-0435,personal,direct,1836.92,82487.58,54.606088,-7.51581
POL-0436,commercial,direct,737.75,14736.71,53.074015,-9.90226
POL-0437,personal,broker,4101.74,152043.4,52.263142,-7.897559
POL-0438,commercial,direct,1546.88,19400.38,51.940023,-8.075807
POL-0439,personal,direct,1389.89,46431.95,51.678218,-6.82479
POL-0440,personal,broker,4661.23,48985.85,55.038579,-6.073907
POL-0441,personal,direct,3960.94,91437.18,53.903926,-10.493077
POL-0442,commercial,broker,2895.59,39047.75,54.445022,-5.918727
POL-0443,personal,direct,654.31,24950.43,52.286481,-9.277413
POL-0444,personal,broker,182.33,5625.05,54.678017,-7.89432
POL-0445,commercial,direct,4476.86,162709.73,52.002734,-10.177483
POL-0446,personal,direct,604.17,20125.02,53.712998,-10.228005
POL-0447,personal,direct,306.49,6773.44,53.517925,-5.874255
POL-0448,commercial,direct,411.28,14188.08,52.087593,-6.585272
POL-0449,personal,direct,506.83,25044.63,52.038838,-6.479747
POL-0450,personal,broker,4453.9,181276.54,51.603888,-8.750716
POL-0451,personal,direct,840.24,14382.93,53.517533,-6.806819
POL-0452,personal,broker,4237.47,205715.05,53.625729,-8.419791
POL-0453,commercial,broker,3255.09,52194.32,51.9692,-9.641532
POL-0454,commercial,direct,1878.9,48086.08,54.257058,-10.422357
POL-0455,commercial,broker,2275.76,34629.02,52.732664,-7.718076
POL-0456,commercial,broker,3256.59,110527.11,54.922446,-9.934124
POL-0457,commercial,direct,2048.23,59235.98,55.101401,-5.898299
POL-0458,personal,direct,1828.26,46100.17,53.840707,-10.29409
POL-0459,personal,broker,729.54,25013.78,51.835679,-10.187214
POL-0460,personal,direct,1580.54,18287.58,54.990807,-9.066996
POL-0461,personal,broker,4556.4,117801.55,52.665333,-10.474813
POL-0462,personal,broker,3315.3,155530.02,53.343733,-9.820892
POL-0463,personal,broker,1804.72,67558.05,54.274052,-6.077362
POL-0464,commercial,broker,4834.14,176121.77,52.636822,-6.728763
POL-0465,personal,direct,2181.62,50562.34,54.846492,-9.377928
POL-0466,commercial,direct,780.34,7946.0,53.117875,-9.979017
POL-0467,personal,direct,279.77,12190.56,53.262015,-7.517613
POL-0468,personal,direct,4190.58,99634.02,53.118829,-8.903156
POL-0469,personal,direct,133.61,4420.05,53.386243,-10.027489
POL-0470,personal,direct,839.32,25030.93,53.770764,-7.026105
POL-0471,commercial,direct,506.7,23047.42,53.24188,-8.515753
POL-0472,commercial,direct,3082.08,84650.61,53.188826,-9.468211
POL-0473,commercial,direct,4845.1,59122.81,51.568972,-10.306174
POL-0474,commercial,broker,1415.79,46422.53,54.274344,-7.332024
POL-0475,commercial,direct,2079.75,29113.69,53.300137,-7.515031
POL-0476,commercial,broker,4451.97,212556.63,53.528657,-10.357014
POL-0477,commercial,broker,559.53,18849.66,52.469363,-8.669636
POL-0478,personal,broker,921.69,21938.07,52.225793,-6.837903
POL-0479,personal,broker,4005.4,123196.83,52.871435,-6.635067
POL-0480,personal,direct,3731.97,116131.42,51.947624,-7.655488
POL-0481,personal,broker,1773.41,58416.19,53.614763,-6.332279
POL-0482,commercial,direct,3922.88,40801.43,54.98193,-7.915068
POL-0483,commercial,broker,539.69,14994.56,54.752192,-8.503078
POL-0484,personal,direct,2276.89,74940.33,54.917083,-7.492082
POL-0485,commercial,broker,2865.09,40171.12,51.782804,-9.651508
POL-0486,personal,direct,1748.51,35841.98,55.168821,-7.264335
POL-0487,commercial,broker,1178.59,54773.79,54.603002,-10.293452
POL-0488,commercial,direct,2598.57,82181.48,54.843497,-8.504703
POL-0489,commercial,broker,2800.37,76101.7,53.020105,-10.377982
POL-0490,commercial,direct,1051.8,17720.42,51.505091,-6.360201
POL-0491,personal,broker,3484.85,123858.72,52.451543,-10.459373
POL-0492,commercial,broker,1047.46,29155.63,55.250964,-6.674314
POL-0493,personal,direct,584.83,6430.51,53.552137,-7.017457
POL-0494,personal,direct,1790.28,46937.4,51.578621,-6.178755
POL-0495,personal,direct,4476.2,191808.49,52.682888,-9.973373
POL-0496,personal,broker,3192.29,70634.74,54.316724,-6.770767
POL-0497,personal,direct,3190.18,108467.74,53.312484,-5.685741
POL-0498,commercial,direct,2539.34,32593.72,52.779062,-9.450045
POL-0499,personal,direct,4748.12,161800.99,55.103936,-9.442486
POL-0500,personal,direct,2522.7,96592.44,51.701471,-7.036098
POL-0501,personal,broker,3742.83,177782.17,55.003428,-8.445116
POL-0502,personal,direct,900.62,27410.37,52.219231,-10.260597
POL-0503,personal,direct,3644.23,108307.94,52.38601,-9.371603
POL-0504,commercial,direct,2886.41,71103.66,54.152821,-9.41927
POL-0505,personal,broker,1123.23,36994.7,54.28137,-9.456986
POL-0506,commercial,direct,4919.79,234597.5,54.659966,-10.381412
POL-0507,commercial,broker,767.92,11063.39,54.03074,-7.271866
POL-0508,commercial,broker,2430.48,66169.69,53.945873,-9.207926
POL-0509,personal,broker,3884.27,39209.69,51.958706,-5.592468
POL-0510,commercial,direct,1862.28,40728.97,53.338048,-10.469644
POL-0511,personal,direct,984.19,33825.57,52.457517,-7.559598
POL-0512,commercial,direct,220.08,8273.03,52.316504,-8.589286
POL-0513,commercial,broker,1853.35,38792.09,53.792553,-6.468933
POL-0514,commercial,broker,244.07,10821.1,54.03731,-6.554809
POL-0515,commercial,broker,3869.85,127310.57,52.681016,-6.737614
POL-0516,commercial,broker,4050.24,171712.77,54.742885,-10.13019
POL-0517,commercial,direct,3845.05,125488.1,51.973187,-6.346234
POL-0518,personal,direct,3799.68,58780.43,52.477913,-6.417502
POL-0519,commercial,broker,4718.83,104826.88,54.278062,-6.60296
POL-0520,commercial,direct,356.39,15036.81,55.134438,-7.180882
POL-0521,personal,direct,2886.89,29407.26,52.912752,-9.18864
POL-0522,commercial,broker,3885.39,191993.78,53.234689,-5.563144
POL-0523,commercial,direct,4948.49,231556.11,53.061008,-8.374563
POL-0524,personal,broker,1988.13,49733.06,54.91497,-6.91634
POL-0525,personal,broker,3738.04,96355.09,53.666015,-7.168515
POL-0526,personal,broker,3186.35,124196.95,54.601896,-10.082391
POL-0527,commercial,broker,4510.49,204573.27,53.104103,-5.69055
POL-0528,personal,broker,1109.32,42262.43,52.119906,-8.639648
POL-0529,commercial,broker,1337.35,44417.77,52.046881,-6.812327
POL-0530,personal,broker,1711.3,19994.96,51.648453,-8.513717
POL-0531,commercial,direct,1281.09,35030.36,54.942565,-5.579623
POL-0532,personal,direct,2117.76,35905.25,51.812622,-6.938836
POL-0533,personal,direct,3482.47,108349.41,54.863665,-7.004724
POL-0534,commercial,broker,3012.37,65685.93,54.019594,-6.424295
POL-0535,personal,direct,3503.68,97811.27,54.997773,-7.712335
POL-0536,personal,direct,3507.05,45179.56,52.223334,-10.302303
POL-0537,personal,broker,1918.31,62759.74,52.035564,-7.996928
POL-0538,personal,broker,260.77,5983.03,52.411731,-6.783241
POL-0539,commercial,direct,1435.54,16720.37,53.695992,-6.617986
POL-0540,commercial,direct,3419.65,106813.84,55.183942,-7.376668
POL-0541,personal,broker,4154.38,126460.85,51.750784,-9.057897
POL-0542,commercial,broker,2842.87,68713.74,53.33097,-7.377723
POL-0543,personal,broker,4754.13,176694.68,52.087508,-9.733686
POL-0544,commercial,broker,1474.71,59249.63,51.813827,-7.847372
POL-0545,personal,broker,2439.38,27714.74,54.695908,-9.83905
POL-0546,commercial,broker,1969.25,23770.74,54.483442,-6.072194
POL-0547,commercial,broker,3437.03,78594.17,55.353979,-6.690823
POL-0548,personal,direct,961.45,35638.92,54.239674,-7.894466
POL-0549,personal,broker,1920.01,77081.33,54.76468,-6.592694
POL-0550,personal,broker,2352.86,40802.03,55.101591,-9.886236
POL-0551,commercial,broker,4770.2,184603.04,53.208691,-10.429304
POL-0552,commercial,direct,1385.05,62726.75,55.328528,-9.531792
POL-0553,personal,direct,2620.52,75774.48,53.691334,-6.6496
POL-0554,personal,direct,1530.67,18144.81,52.033246,-6.049678
POL-0555,commercial,direct,3437.54,168819.39,55.133275,-8.955835
POL-0556,commercial,broker,1456.13,18532.85,52.609188,-7.998558
POL-0557,personal,direct,4082.3,113896.43,53.39513,-5.748602
POL-0558,commercial,direct,722.46,30502.36,54.284802,-7.546292
POL-0559,commercial,broker,2304.49,59168.99,53.836433,-9.731431
POL-0560,personal,broker,1451.67,34671.89,52.421597,-6.074876
POL-0561,personal,broker,3987.35,127630.34,54.67611,-6.306856
POL-0562,personal,direct,355.01,12561.05,53.398312,-8.805577
POL-0563,commercial,direct,4284.16,150637.15,54.379288,-9.396725
POL-0564,personal,broker,2935.45,111679.55,52.45509,-6.114382
POL-0565,commercial,direct,4710.06,159761.01,53.934519,-7.527097
POL-0566,commercial,broker,2450.41,74316.32,52.61635,-5.776513
POL-0567,commercial,direct,3481.39,171935.25,52.191188,-7.684179
POL-0568,commercial,direct,651.82,16141.35,53.79031,-8.277162
POL-0569,commercial,broker,4608.81,222434.87,52.863124,-6.391243
POL-0570,personal,direct,2706.87,129241.99,54.589266,-7.42682
POL-0571,personal,broker,3191.79,131249.49,53.712342,-8.209007
POL-0572,personal,direct,2078.91,32175.43,55.149187,-8.975036
POL-0573,commercial,broker,953.27,31605.66,51.952827,-5.680096
POL-0574,personal,direct,1163.04,53185.66,53.276843,-5.531031
POL-0575,commercial,broker,643.01,21252.07,53.300401,-6.379243
POL-0576,commercial,direct,2962.57,60929.45,55.342788,-5.670634
POL-0577,personal,direct,3028.88,72668.16,55.032157,-10.074886
POL-0578,commercial,direct,194.06,5499.99,55.320383,-7.406668
POL-0579,commercial,direct,3269.35,120881.52,53.633759,-9.122545
POL-0580,personal,direct,2328.2,48221.27,55.304598,-7.749343
POL-0581,personal,direct,2008.8,45917.77,51.754938,-6.995259
POL-0582,commercial,direct,2279.98,100076.74,54.869506,-9.091777
POL-0583,personal,broker,3276.9,63312.78,55.051353,-6.733634
POL-0584,personal,direct,4272.39,182013.55,54.074954,-9.072458
POL-0585,personal,broker,2027.15,77564.01,54.672764,-9.340852
POL-0586,personal,broker,1669.42,72978.28,53.713563,-7.194501
POL-0587,personal,direct,2311.13,49363.13,55.375293,-8.229565
POL-0588,personal,direct,816.84,30381.79,52.11772,-9.47563
POL-0589,personal,broker,2930.17,135448.2,53.380415,-7.759892
POL-0590,personal,broker,3587.39,122767.62,52.03687,-9.890849
POL-0591,commercial,broker,3791.82,147696.58,53.715023,-6.499169
POL-0592,personal,broker,4877.17,200254.54,54.054171,-8.026221
POL-0593,personal,direct,4185.96,178641.64,53.722572,-10.225693
POL-0594,personal,broker,1163.2,25161.67,52.990192,-9.762201
POL-0595,commercial,broker,3870.52,65707.63,53.129659,-7.277926
POL-0596,personal,direct,2468.75,64726.08,54.970297,-5.95897
POL-0597,personal,broker,3898.17,162823.79,51.588053,-5.983142
POL-0598,commercial,direct,1904.88,43779.16,55.278801,-7.545517
POL-0599,commercial,direct,2076.91,101563.28,54.164671,-7.783808
POL-0600,commercial,broker,1720.88,40406.2,55.297318,-9.949498
POL-0601,commercial,broker,4811.02,201033.56,52.099064,-6.676086
POL-0602,personal,direct,2052.56,79854.77,54.901049,-7.897235
POL-0603,commercial,broker,2157.73,43225.56,51.656841,-8.132422
POL-0604,commercial,direct,1465.47,67379.5,54.326344,-7.954728
POL-0605,personal,direct,733.81,27293.34,54.011227,-10.455142
POL-0606,commercial,broker,325.43,6281.65,53.377008,-5.780224
POL-0607,personal,broker,3841.55,75772.1,51.718141,-9.389868
POL-0608,personal,direct,2007.78,24854.97,54.848592,-7.90334
POL-0609,personal,direct,1397.82,57997.87,52.11894,-5.63273
POL-0610,personal,broker,3791.56,115510.66,55.032745,-5.630253
POL-0611,commercial,direct,2447.7,73998.76,52.137421,-7.596893
POL-0612,personal,broker,3087.93,79013.49,53.914011,-10.48069
POL-0613,commercial,broker,786.69,25664.25,53.244264,-6.087951
POL-0614,commercial,broker,863.32,38150.88,54.162926,-7.04625
POL-0615,commercial,direct,2718.79,71926.7,51.898913,-9.894071
POL-0616,commercial,broker,1570.9,67487.58,53.637639,-7.199729
POL-0617,personal,direct,1480.88,51587.29,52.136457,-8.05468
POL-0618,commercial,direct,4299.17,137957.48,53.819579,-5.843306
POL-0619,personal,broker,4777.82,172429.17,52.571421,-8.900125
POL-0620,personal,direct,2269.57,71170.05,54.876165,-6.458725
POL-0621,commercial,direct,4738.93,166406.42,55.00779,-6.02665
POL-0622,commercial,direct,4279.78,173558.42,53.787141,-5.68079
POL-0623,personal,broker,2857.78,125474.9,53.23166,-8.127902
POL-0624,personal,broker,2879.31,58785.22,54.647895,-5.800036
POL-0625,personal,broker,889.05,42375.94,52.184925,-5.821884
POL-0626,personal,direct,828.96,16079.86,55.300802,-7.020704
POL-0627,commercial,broker,336.79,16333.93,53.098104,-10.013986
POL-0628,commercial,direct,985.69,37516.65,53.09435,-9.129153
POL-0629,personal,broker,4716.77,174530.14,54.091305,-8.588908
POL-0630,personal,broker,4500.4,101801.22,52.447169,-5.843503
POL-0631,personal,broker,2112.31,26926.55,51.81271,-6.481513
POL-0632,personal,direct,1836.51,39409.92,51.512994,-8.392632
POL-0633,personal,broker,1134.65,52822.12,53.479463,-7.408604
POL-0634,commercial,broker,3202.92,153527.5,53.621684,-8.53787
POL-0635,commercial,broker,4568.44,137686.26,54.512192,-8.881234
POL-0636,commercial,broker,1267.49,40503.27,54.575346,-9.933264
POL-0637,commercial,broker,2961.89,94595.12,54.711169,-9.841214
POL-0638,personal,broker,2749.35,74080.72,53.061051,-9.317496
POL-0639,commercial,direct,2899.79,74243.91,53.119184,-8.229755
POL-0640,commercial,broker,4258.83,163660.85,51.667879,-5.878877
POL-0641,personal,direct,4652.5,186928.47,53.204188,-7.902415
POL-0642,personal,direct,1915.28,22362.81,51.537247,-6.16204
POL-0643,commercial,direct,2331.34,32026.29,51.644599,-6.726696
POL-0644,commercial,broker,2948.88,56612.64,52.870156,-8.831352
POL-0645,personal,direct,272.82,4348.84,54.278742,-8.446944
POL-0646,commercial,broker,4148.93,96036.57,53.205811,-10.112609
POL-0647,commercial,broker,1361.58,35149.88,53.184611,-5.660018
POL-0648,commercial,direct,1760.17,37797.42,53.502117,-10.308818
POL-0649,personal,broker,3861.56,89215.84,52.197868,-7.896622
POL-0650,commercial,direct,2203.0,50389.3,53.59765,-9.57959
POL-0651,personal,broker,250.98,11962.16,52.048536,-7.393289
POL-0652,commercial,broker,3599.81,54598.04,52.699328,-7.613029
POL-0653,personal,broker,1039.11,40710.64,53.502803,-5.62547
POL-0654,personal,broker,428.64,9354.24,54.929532,-6.553639
POL-0655,personal,direct,4928.88,91112.53,51.514565,-7.301844
POL-0656,commercial,direct,253.11,5156.35,51.693248,-8.488678
POL-0657,commercial,broker,4190.89,152650.0,54.796252,-6.281904
POL-0658,commercial,direct,4035.35,148064.82,52.575054,-7.758756
POL-0659,personal,direct,3730.57,104670.28,54.825108,-6.64544
POL-0660,personal,broker,3405.1,160398.55,52.660333,-8.512558
POL-0661,personal,broker,2924.84,36608.64,52.403145,-6.156114
POL-0662,personal,broker,3916.17,191474.73,54.865926,-6.911229
POL-0663,commercial,broker,2614.18,50072.29,53.347907,-7.066179
POL-0664,personal,direct,1828.58,49830.44,55.029303,-7.732734
POL-0665,commercial,direct,4226.83,173511.42,53.687933,-10.078667
POL-0666,personal,broker,2706.8,105708.17,51.726371,-7.981109
POL-0667,personal,direct,894.71,36123.41,51.884329,-10.469492
POL-0668,commercial,broker,1639.29,70434.71,53.593499,-6.262845
POL-0669,personal,direct,1772.99,33754.01,52.286538,-6.247437
POL-0670,personal,direct,2053.3,96088.39,51.559204,-8.252947
POL-0671,personal,direct,303.51,9989.08,54.152808,-8.582577
POL-0672,commercial,direct,3444.8,137971.33,54.26844,-6.894354
POL-0673,personal,direct,2619.13,36738.53,52.529694,-9.157271
POL-0674,commercial,broker,1054.47,50657.01,54.478895,-7.226361
POL-0675,commercial,direct,4633.77,61750.61,51.952335,-8.209674
POL-0676,personal,direct,2140.23,23100.08,55.193895,-7.323327
POL-0677,personal,broker,4800.48,113264.93,52.372274,-6.689627
POL-0678,personal,broker,2681.0,45867.79,53.115009,-6.332846
POL-0679,personal,direct,2080.24,87214.45,55.261545,-7.021389
POL-0680,personal,broker,1496.93,29377.68,54.843703,-6.519392
POL-0681,personal,broker,4838.11,81545.41,53.851403,-6.489597
POL-0682,commercial,broker,4732.0,223131.93,52.188207,-9.126916
POL-0683,personal,broker,1699.09,44994.48,51.951661,-9.820668
POL-0684,commercial,direct,3436.93,72264.71,53.277234,-5.776544
POL-0685,commercial,broker,4740.51,105997.74,52.442355,-8.542754
POL-0686,commercial,direct,3749.8,38436.98,54.434273,-7.634724
POL-0687,commercial,broker,4975.01,196792.96,52.461272,-8.930268
POL-0688,commercial,direct,1576.18,49175.77,54.725973,-9.093943
POL-0689,personal,broker,3409.0,144089.13,54.222758,-8.882293
POL-0690,commercial,direct,3453.55,122708.09,51.920172,-10.254281
POL-0691,personal,direct,2310.5,90033.3,51.745934,-10.298254
POL-0692,commercial,direct,3530.32,141423.07,52.566532,-7.742247
POL-0693,commercial,direct,2910.69,100131.69,52.152379,-8.279678
POL-0694,personal,direct,3941.37,150686.69,52.415787,-5.772153
POL-0695,personal,direct,3114.82,91019.6,54.80413,-9.35988
POL-0696,personal,broker,307.84,8606.58,51.515346,-8.470367
POL-0697,commercial,direct,3590.24,94744.65,53.430342,-6.959818
POL-0698,commercial,broker,3346.35,115909.4,55.018153,-9.340194
POL-0699,commercial,direct,2873.18,91878.91,51.570376,-6.043275
POL-0700,commercial,broker,3327.4,53005.63,52.730785,-8.504389
POL-0701,commercial,direct,3534.3,130076.54,53.616099,-6.577609
POL-0702,personal,broker,2037.57,70578.07,53.926016,-10.499635
POL-0703,commercial,direct,913.25,33656.2,53.72502,-8.004212
POL-0704,commercial,broker,377.17,16182.06,51.708035,-10.047045
POL-0705,personal,direct,4402.93,181098.07,54.792601,-9.56175
POL-0706,personal,broker,3580.44,90923.77,53.789808,-5.595925
POL-0707,commercial,broker,2036.0,61696.37,55.209953,-5.852405
POL-0708,personal,direct,585.51,24061.83,52.697366,-7.713827
POL-0709,personal,broker,1305.99,18512.84,53.406927,-9.749234
POL-0710,personal,direct,1995.47,73331.05,54.500992,-9.292803
POL-0711,personal,broker,124.28,4482.87,55.350424,-6.951066
POL-0712,personal,broker,483.07,22449.35,53.414419,-6.170368
POL-0713,commercial,broker,565.96,24288.48,55.223227,-6.576557
POL-0714,commercial,broker,1691.04,26334.93,52.572889,-8.079963
POL-0715,personal,broker,3776.32,137964.19,52.267136,-9.644545
POL-0716,personal,direct,2040.72,88098.46,54.781395,-5.677792
POL-0717,personal,broker,3056.6,104718.34,54.86022,-9.875764
POL-0718,commercial,direct,998.39,17369.73,53.270661,-9.035497
POL-0719,commercial,broker,3074.85,152057.69,53.380602,-6.287328
POL-0720,personal,broker,563.15,14593.52,54.700506,-6.502058
POL-0721,personal,broker,3461.88,169703.61,52.745759,-9.471785
POL-0722,personal,direct,1859.14,73528.86,51.540892,-6.379249
POL-0723,personal,broker,2841.66,115338.35,53.089521,-6.680439
POL-0724,personal,broker,1998.05,54552.38,51.593514,-9.595142
POL-0725,commercial,broker,1315.22,44975.52,55.179977,-10.205845
POL-0726,personal,direct,1695.81,81397.78,51.885678,-10.486666
POL-0727,personal,direct,4123.83,129121.57,52.573176,-8.261595
POL-0728,commercial,broker,929.53,45710.15,52.355135,-6.15301
POL-0729,commercial,direct,1463.23,68334.18,53.199314,-6.822031
POL-0730,commercial,direct,530.84,24248.45,54.732751,-9.156173
POL-0731,personal,broker,4772.97,128828.52,54.522138,-5.826989
POL-0732,personal,direct,2160.78,100902.94,53.417503,-8.350687
POL-0733,personal,broker,2468.55,44069.08,54.31611,-7.748011
POL-0734,personal,broker,701.05,27125.39,52.302432,-8.629713
POL-0735,commercial,broker,1866.68,38024.77,51.731343,-10.456692
POL-0736,commercial,broker,4087.72,188187.1,53.072411,-6.785119
POL-0737,commercial,direct,4001.91,117620.06,55.04617,-7.449763
POL-0738,personal,broker,4479.54,79513.4,51.933088,-8.154851
POL-0739,commercial,broker,2978.01,82296.6,53.0991,-9.565229
POL-0740,commercial,broker,1721.86,19260.32,53.532839,-6.266407
POL-0741,personal,broker,2595.64,79413.87,53.44387,-10.393172
POL-0742,personal,broker,2746.77,69760.86,54.313325,-6.479408
POL-0743,commercial,direct,2615.14,67941.07,54.047906,-7.61453
POL-0744,commercial,broker,3072.77,128550.06,51.527995,-7.893111
POL-0745,commercial,broker,4809.59,169486.0,54.877196,-9.090273
POL-0746,personal,broker,2763.8,33919.01,55.087243,-10.22948
POL-0747,commercial,direct,943.0,13427.67,51.933176,-6.589597
POL-0748,commercial,direct,2657.1,114303.23,51.976235,-9.664909
POL-0749,commercial,direct,3700.87,133210.97,54.786757,-7.79007
POL-0750,commercial,direct,1320.55,54369.48,52.112334,-8.148708
POL-0751,personal,direct,3543.79,94380.52,54.43811,-5.593842
POL-0752,commercial,direct,3928.04,155678.18,54.175684,-5.87498
POL-0753,personal,direct,1165.41,48770.16,53.532881,-6.797664
POL-0754,personal,direct,4662.12,74734.32,53.071935,-7.166231
POL-0755,personal,broker,3207.21,82749.49,52.479334,-5.770907
POL-0756,personal,broker,1076.97,32590.97,53.116969,-10.086873
POL-0757,commercial,direct,3810.35,48581.04,53.45903,-9.311708
POL-0758,personal,direct,3643.94,104005.58,52.262431,-6.692811
POL-0759,personal,broker,2368.75,88071.65,53.663539,-5.74521
POL-0760,personal,broker,1866.56,55476.83,54.647502,-6.495891
POL-0761,commercial,broker,3126.21,113133.09,52.50155,-7.661113
POL-0762,commercial,broker,3478.92,64165.57,54.060702,-5.818168
POL-0763,commercial,direct,1023.96,39270.14,52.166858,-9.85223
POL-0764,personal,broker,4453.31,191719.68,54.808303,-5.770493
POL-0765,commercial,direct,1056.11,14850.89,53.313255,-5.563958
POL-0766,commercial,direct,4077.44,71166.3,52.101509,-8.966018
POL-0767,commercial,broker,923.76,11401.88,55.355011,-6.558422
POL-0768,commercial,broker,2657.51,45712.99,52.542557,-8.102717
POL-0769,commercial,direct,3175.98,80099.83,54.274994,-7.434219
POL-0770,personal,broker,4774.52,199018.25,51.673188,-5.606268
POL-0771,personal,broker,3377.95,37826.87,54.579499,-7.642707
POL-0772,personal,broker,475.76,7519.64,54.333888,-7.344622
POL-0773,commercial,broker,4918.86,172124.81,51.690084,-5.694639
POL-0774,commercial,broker,1907.53,29177.13,55.102936,-7.206253
POL-0775,personal,direct,4011.19,156214.86,51.603559,-10.007727
POL-0776,commercial,direct,2380.82,85607.43,51.792275,-9.043316
POL-0777,personal,direct,2865.6,90659.0,51.786331,-5.865335
POL-0778,commercial,direct,2520.01,37121.43,53.773738,-8.274154
POL-0779,commercial,broker,3089.79,142629.89,51.870961,-7.678977
POL-0780,personal,direct,2007.02,68489.19,51.713256,-7.111928
POL-0781,personal,broker,427.69,11593.81,53.313778,-7.383894
POL-0782,personal,direct,925.77,14829.66,51.795661,-6.835809
POL-0783,personal,broker,2164.42,23565.72,52.97032,-9.507922
POL-0784,personal,direct,831.49,19328.53,51.733755,-7.965847
POL-0785,personal,direct,3058.49,51049.69,54.618654,-9.773045
POL-0786,personal,broker,4592.28,110327.02,54.063668,-7.437854
POL-0787,commercial,direct,859.67,16199.73,55.381197,-8.091178
POL-0788,personal,direct,2596.38,107222.21,55.078905,-8.59538
POL-0789,personal,broker,4329.05,55943.22,51.548757,-7.47664
POL-0790,personal,broker,4370.46,178879.8,53.440362,-6.787518
POL-0791,commercial,direct,3232.94,95932.73,52.55988,-8.489135
POL-0792,personal,broker,1682.81,58077.04,52.627242,-8.597914
POL-0793,commercial,direct,727.78,13523.67,55.377872,-8.625887
POL-0794,personal,direct,1705.17,63764.84,52.272182,-9.776145
POL-0795,commercial,direct,2974.78,45094.74,54.333723,-10.483945
POL-0796,commercial,direct,3975.6,47463.76,53.953219,-10.48138
POL-0797,commercial,direct,3466.88,126640.79,51.75019,-9.599857
POL-0798,personal,broker,1388.87,40514.77,52.930776,-10.359451
POL-0799,commercial,broker,1476.15,35322.01,55.342665,-7.130461
POL-0800,personal,broker,1080.47,41647.1,54.22847,-6.906756
POL-0801,personal,broker,3020.03,76255.41,53.480109,-10.448641
POL-0802,personal,broker,3255.44,57061.56,52.751086,-8.580693
POL-0803,personal,broker,2048.71,88027.88,52.326423,-6.247529
POL-0804,commercial,direct,918.74,13637.4,52.652628,-8.863567
POL-0805,personal,broker,1476.27,43127.79,53.049529,-7.86348
POL-0806,personal,broker,1448.98,16679.47,55.035403,-7.470045
POL-0807,commercial,direct,1053.95,43827.08,54.076145,-9.488721
POL-0808,commercial,broker,3837.85,55517.52,53.433514,-10.337397
POL-0809,commercial,direct,1123.77,22568.54,53.48779,-6.088878
POL-0810,personal,direct,2354.55,84614.23,51.978278,-8.44878
POL-0811,personal,direct,219.73,2598.35,55.37013,-8.450691
POL-0812,personal,broker,2101.41,58715.22,53.154862,-10.390812
POL-0813,commercial,direct,3033.42,69227.16,53.447059,-9.286383
POL-0814,commercial,direct,1451.58,65162.17,53.748934,-7.584332
POL-0815,commercial,broker,4538.55,75159.38,52.746572,-8.018293
POL-0816,commercial,direct,3447.57,59112.07,53.361288,-8.159052
POL-0817,commercial,direct,282.99,5565.05,52.749923,-8.940249
POL-0818,commercial,direct,3093.92,51026.38,51.641727,-5.546241
POL-0819,personal,broker,1708.6,79006.4,51.781489,-9.820937
POL-0820,personal,broker,4592.23,68780.78,52.230241,-7.045856
POL-0821,commercial,broker,3001.11,120268.68,53.71298,-9.947942
POL-0822,personal,direct,1747.13,51535.74,54.509867,-6.569256
POL-0823,commercial,broker,910.43,28050.99,51.825114,-7.584828
POL-0824,personal,broker,3971.49,67154.53,54.281953,-6.868265
POL-0825,personal,broker,1951.19,73674.21,55.359657,-7.381225
POL-0826,commercial,broker,592.09,28324.57,53.005637,-8.379951
POL-0827,personal,direct,3915.66,127186.4,53.466372,-9.82414
POL-0828,personal,direct,2916.95,30953.46,55.124633,-7.60569
POL-0829,commercial,broker,2030.15,35061.41,53.316956,-5.550688
POL-0830,commercial,direct,4907.9,209698.38,54.150922,-8.024913
POL-0831,personal,broker,817.68,20217.26,55.033068,-8.381114
POL-0832,commercial,broker,316.69,9007.5,54.080474,-6.515058
POL-0833,personal,direct,3357.71,138442.83,52.887575,-9.327364
POL-0834,personal,broker,2848.46,54504.26,53.49524,-8.004983
POL-0835,personal,broker,3714.54,156162.85,53.149578,-5.59422
POL-0836,personal,direct,808.51,13381.74,51.927569,-9.169704
POL-0837,personal,broker,704.6,32432.55,51.742221,-9.018619
POL-0838,commercial,broker,1156.54,29622.14,52.486971,-7.357106
POL-0839,commercial,broker,3708.27,37396.27,53.964863,-10.44619
POL-0840,personal,broker,1875.99,69992.48,51.700918,-7.891523
POL-0841,personal,broker,3508.57,50584.43,52.721583,-7.577973
POL-0842,personal,direct,4638.62,165565.68,51.838692,-8.229814
POL-0843,commercial,broker,1162.36,32632.52,52.108326,-6.664848
POL-0844,personal,broker,1870.84,78209.3,54.875505,-5.959932
POL-0845,commercial,broker,159.03,5054.23,53.348063,-7.776813
POL-0846,personal,direct,2725.48,62073.93,53.787939,-6.626769
POL-0847,personal,broker,207.19,6475.34,55.327537,-6.738074
POL-0848,commercial,broker,4767.89,71453.75,52.347238,-9.291147
POL-0849,commercial,broker,1739.7,60388.58,54.694297,-8.731762
POL-0850,commercial,broker,3361.67,96078.77,55.188817,-5.778997
POL-0851,personal,direct,2812.68,46343.0,52.558645,-9.03726
POL-0852,personal,broker,4357.91,99840.06,54.775152,-9.711822
POL-0853,commercial,direct,4109.53,141696.43,54.116382,-6.574834
POL-0854,commercial,direct,2892.24,56756.75,51.759779,-6.33181
POL-0855,personal,direct,3129.15,57129.16,54.722929,-5.535704
POL-0856,commercial,direct,4514.39,47941.86,53.469588,-10.411631
POL-0857,commercial,direct,3392.96,161843.05,53.795317,-9.684844
POL-0858,personal,direct,3953.98,139005.82,51.694631,-6.211584
POL-0859,personal,direct,4611.65,135421.79,54.154324,-6.133054
POL-0860,commercial,broker,343.38,12110.14,55.344844,-9.605881
POL-0861,commercial,direct,992.63,27129.65,53.010167,-7.455032
POL-0862,commercial,broker,1589.18,51821.12,53.497793,-8.15852
POL-0863,commercial,broker,2809.17,128963.99,54.531833,-9.540085
POL-0864,commercial,direct,3675.95,107207.83,52.083246,-5.884306
POL-0865,personal,direct,1588.3,61031.99,54.941179,-7.517815
POL-0866,commercial,broker,3729.99,84427.12,55.103837,-8.533995
POL-0867,personal,direct,572.43,10955.19,53.150761,-8.96941
POL-0868,commercial,direct,3604.55,146968.76,55.271125,-9.987948
POL-0869,personal,broker,3736.23,58782.37,53.300224,-9.344828
POL-0870,commercial,direct,1854.85,28089.87,54.665687,-8.413729
POL-0871,commercial,broker,2655.73,103987.97,53.166937,-8.571596
POL-0872,personal,direct,541.14,5988.62,53.194525,-5.913444
POL-0873,commercial,direct,2962.1,119960.12,52.385855,-7.391767
POL-0874,commercial,direct,1372.83,23124.88,53.045531,-6.734067
POL-0875,commercial,direct,3170.96,38517.82,52.234869,-5.846732
POL-0876,personal,broker,487.24,12898.37,53.888661,-9.931594
POL-0877,commercial,broker,1150.74,17323.42,54.007087,-8.997636
POL-0878,personal,direct,4309.49,153092.75,54.536486,-8.789832
POL-0879,commercial,broker,4629.69,178046.39,53.781496,-8.25742
POL-0880,commercial,broker,956.48,29165.72,53.48373,-5.765432
POL-0881,commercial,broker,1172.08,21631.22,53.094742,-7.633229
POL-0882,commercial,direct,1130.54,27128.94,51.578014,-8.396629
POL-0883,commercial,broker,1639.4,37321.87,52.685899,-6.676984
POL-0884,personal,broker,4758.45,156829.97,52.778675,-6.112521
POL-0885,personal,broker,3665.84,119359.28,55.332283,-8.739101
POL-0886,personal,broker,1379.05,65976.19,54.549611,-7.938929
POL-0887,commercial,broker,980.97,37929.12,53.872668,-6.715833
POL-0888,personal,direct,4507.9,163843.88,53.167335,-6.080289
POL-0889,personal,broker,1407.67,27859.69,51.998385,-10.303939
POL-0890,personal,broker,640.6,26897.83,53.572419,-7.603193
POL-0891,personal,broker,4700.64,125883.52,54.374353,-9.67921
POL-0892,personal,broker,761.07,9611.04,53.781635,-9.596892
POL-0893,commercial,direct,4702.58,85160.12,52.859978,-8.953042
POL-0894,commercial,broker,2070.38,33197.4,52.8511,-6.423284
POL-0895,commercial,broker,2456.28,37296.41,53.776382,-9.225453
POL-0896,personal,broker,2627.12,65609.69,52.905752,-9.463266
POL-0897,commercial,direct,1724.81,40628.07,53.442393,-7.4714
POL-0898,commercial,broker,1426.42,25589.67,53.536639,-6.235028
POL-0899,personal,direct,4816.14,144657.11,54.110298,-10.055611
POL-0900,personal,broker,1658.99,36308.84,53.074936,-9.431485
POL-0901,personal,direct,3242.78,69796.99,55.36029,-9.85878
POL-0902,personal,direct,4935.69,241288.75,54.693801,-9.232656
POL-0903,personal,direct,1423.56,65577.62,53.931944,-9.650047
POL-0904,commercial,broker,3873.98,60525.99,54.695913,-8.966656
POL-0905,personal,broker,2540.72,28894.35,52.424134,-7.867291
POL-0906,commercial,direct,950.32,39136.73,53.724767,-7.826377
POL-0907,personal,direct,4410.42,145472.87,54.723234,-7.477902
POL-0908,personal,broker,1190.08,27528.85,52.660996,-6.715953
POL-0909,personal,direct,1693.02,23528.86,52.103986,-5.773844
POL-0910,personal,broker,3981.3,50113.28,54.315248,-7.395558
POL-0911,commercial,broker,3178.42,115598.55,51.65231,-8.514213
POL-0912,personal,broker,2267.61,27245.61,54.35078,-7.693638
POL-0913,commercial,direct,1957.03,89305.79,52.439239,-9.381246
POL-0914,commercial,broker,1552.52,55943.89,54.311943,-6.72065
POL-0915,personal,direct,3930.25,42018.23,54.407694,-9.241021
POL-0916,personal,broker,3601.78,81247.92,53.158245,-5.668045
POL-0917,personal,direct,4942.37,158464.59,54.994364,-9.711271
POL-0918,commercial,direct,1819.55,18828.46,52.453927,-7.814454
POL-0919,commercial,broker,2528.46,69256.83,53.622055,-10.385158
POL-0920,personal,direct,4667.05,158680.72,55.07055,-6.151407
POL-0921,commercial,broker,790.29,13897.8,52.386359,-7.660728
POL-0922,commercial,direct,313.89,9268.96,53.704289,-6.473337
POL-0923,commercial,broker,1356.96,13581.84,53.063733,-9.108281
POL-0924,commercial,direct,1089.02,12280.36,53.528668,-7.094162
POL-0925,personal,direct,1292.84,23569.14,55.144245,-6.532571
POL-0926,commercial,direct,4710.64,60725.22,53.248335,-8.866677
POL-0927,commercial,broker,299.59,14218.93,54.504331,-6.414205
POL-0928,personal,broker,2847.77,39578.08,54.208838,-8.987591
POL-0929,personal,broker,4446.38,128913.14,54.591125,-10.321744
POL-0930,commercial,direct,282.29,12005.64,52.963469,-8.446323
POL-0931,personal,broker,281.42,6731.05,54.3897,-9.684729
POL-0932,personal,direct,3660.07,60236.12,52.572938,-8.482059
POL-0933,personal,broker,1092.73,24030.15,52.871145,-5.909424
POL-0934,personal,broker,1886.82,72646.42,51.952928,-6.048401
POL-0935,personal,direct,3736.4,127642.47,51.787348,-5.665079
POL-0936,commercial,broker,4668.29,225746.27,51.800274,-9.228737
POL-0937,personal,broker,2231.91,66140.25,53.031316,-9.505288
POL-0938,personal,direct,4813.82,139976.68,51.925082,-9.826751
POL-0939,commercial,direct,3494.13,37163.84,52.11382,-5.951573
POL-0940,personal,direct,907.14,19003.26,55.303145,-10.369405
POL-0941,commercial,direct,767.22,36878.66,53.872089,-8.627769
POL-0942,commercial,broker,368.53,14871.93,54.514296,-7.098647
POL-0943,personal,direct,2360.75,46550.66,53.872256,-6.78095
POL-0944,personal,direct,3397.62,34439.96,52.08001,-6.42935
POL-0945,personal,direct,2940.81,129454.28,53.774244,-6.797416
POL-0946,commercial,direct,1741.23,47692.14,53.897169,-6.114258
POL-0947,personal,direct,2605.1,48333.87,55.259266,-9.023548
POL-0948,commercial,direct,1284.59,25010.37,53.939987,-9.314318
POL-0949,personal,direct,3935.29,152502.96,54.297323,-9.353616
POL-0950,commercial,direct,600.88,10182.7,52.620793,-5.696331
POL-0951,personal,direct,1123.11,52129.53,54.325314,-6.717597
POL-0952,commercial,broker,296.01,13001.61,55.034128,-7.144447
POL-0953,personal,broker,1936.68,90246.44,53.568801,-8.859989
POL-0954,commercial,direct,1287.11,49168.0,55.193288,-6.661665
POL-0955,personal,direct,1657.52,68152.25,55.060821,-6.468349
POL-0956,commercial,broker,1676.41,83131.2,53.224164,-8.102378
POL-0957,commercial,broker,4261.87,211201.06,53.12575,-9.887143
POL-0958,commercial,broker,3619.48,60055.36,54.68919,-8.294741
POL-0959,personal,broker,2308.64,53072.37,51.591428,-10.395371
POL-0960,personal,direct,1950.65,95053.85,52.369885,-5.672391
POL-0961,commercial,direct,1825.9,49645.66,52.547572,-6.260441
POL-0962,commercial,broker,3667.72,113637.01,54.325246,-7.165302
POL-0963,commercial,direct,2776.45,71409.88,54.142113,-7.493209
POL-0964,commercial,direct,3946.2,167753.02,51.556805,-6.831556
POL-0965,personal,broker,3509.41,101207.06,51.761688,-6.297478
POL-0966,personal,broker,909.64,38445.02,53.63744,-7.259742
POL-0967,commercial,broker,2923.86,117441.2,53.05241,-7.515806
POL-0968,commercial,broker,2642.53,113901.67,51.679051,-5.777738
POL-0969,commercial,direct,2691.94,60693.54,51.864864,-6.453797
POL-0970,personal,broker,1985.66,47541.47,53.433144,-10.471809
POL-0971,personal,broker,3346.73,137606.63,53.505493,-6.401888
POL-0972,commercial,broker,3198.68,42982.48,53.732686,-8.917008
POL-0973,personal,direct,417.29,18299.71,53.67291,-9.490984
POL-0974,commercial,direct,1567.75,59055.24,51.785239,-10.333464
POL-0975,personal,broker,218.06,2933.12,52.203925,-6.113642
POL-0976,commercial,broker,3303.95,104414.02,52.111244,-8.024761
POL-0977,commercial,broker,2152.97,78903.57,55.305059,-6.52267
POL-0978,commercial,broker,3302.11,53689.57,52.188241,-7.813214
POL-0979,personal,broker,4425.54,48120.29,54.221645,-6.314585
POL-0980,personal,broker,2140.53,50248.52,52.035998,-5.869068
POL-0981,personal,direct,2530.53,32566.37,55.399392,-10.044
POL-0982,personal,broker,3058.55,69492.07,55.114967,-9.926244
POL-0983,personal,broker,2459.9,52003.54,54.61054,-9.262944
POL-0984,personal,direct,3647.6,52125.07,52.619916,-7.539461
POL-0985,personal,direct,4658.09,63740.91,54.329919,-7.606278
POL-0986,personal,direct,2370.26,53187.21,51.714346,-10.236402
POL-0987,commercial,broker,3557.92,140458.37,53.356161,-5.607986
POL-0988,commercial,direct,4964.7,62093.39,52.726823,-7.813153
POL-0989,personal,broker,4578.65,52758.09,53.648255,-7.93056
POL-0990,personal,broker,2250.46,93547.16,51.823651,-9.377778
POL-0991,personal,direct,3361.35,74735.82,54.1545,-8.180128
POL-0992,personal,broker,4570.88,120876.02,53.245619,-8.475767
POL-0993,commercial,direct,2784.32,57572.65,52.167681,-6.739073
POL-0994,personal,broker,1582.0,38073.26,52.840741,-6.920174
POL-0995,personal,direct,721.54,26186.7,53.842482,-9.640461
POL-0996,commercial,broker,4585.83,221654.07,53.149096,-5.537059
POL-0997,personal,broker,524.47,16931.8,51.541948,-5.86514
POL-0998,commercial,direct,2494.85,108310.29,51.95065,-5.885979
POL-0999,commercial,broker,4043.55,192957.57,55.000507,-8.958042
POL-1000,personal,direct,4994.37,144089.45,53.201251,-7.667215
